YEAR,TOTAL_MRR,ACTIVE_REVENUE,REVENUE_RATE
2020,96251.89999999983,88450.94999999995,0.92
2021,59632.74999999995,50107.04999999994,0.84
2022,52122.05000000008,39830.30000000007,0.76
2023,52830.7,38545.99999999996,0.73
2024,61339.15000000006,40081.45000000006,0.65
2025,88921.54999999994,45175.200000000026,0.51
2026,44562.90000000004,14339.199999999993,0.32
